AGE,GENDER,JOB,EDUCATION ,MARITAL STATUS,MESSAGES 
20-24,female ,Doctor ,16 year,Single ,"Send kro
Acha thankx
Kia kr rhay ho tum log
Mara bs urdu ka kaam kiya
 Abhi chem ka krkay bs rkhty hoo
 Tests kl yaad kroongu
 Acha sbr
 Nah
 ğŸ˜‚ğŸ˜‚ğŸ˜‚
 Haan na marağŸ˜‚ğŸ˜‚
 Hasso nahi kaam kro
 Start sai hai na
 Topic batao
 Khair tou haiiiiiğŸ¥¸
 Wo bhi hai ma'am
 AchağŸ˜‘ğŸ¦‰
 Le lou badtameezğŸ§Ÿâ€â™€ï¸
 But you aren'tğŸ˜—
 K byeğŸ’‰
 W all parts
 Yaar nhi khulta
 Send kro mara
 ?
 Bs chor dou
Aik prob hai zra dekho acha
 Kaam hai maira
 Aik mazay ka qissa bataongi kal
 Yaad dilana
 Nah nahğŸ˜‚ğŸ˜‚
 Nahi mara eng ka test yaad krty hoo
 Abhi koi friend hai jinnah main hoor wo pehchanty hogi topper tou usko lunch smjha rhi thi
 Abhi free hui
 Daffa hoğŸ–ğŸ»
 Hayyeeee Qurbaan jawoonğŸ’—ğŸ˜ğŸ˜"
20-24,female ,Student of Psychology ,16 year ,Single ," Hii
 Shut up
 Hahah
 ğŸ˜Š
 ğŸ¥ºokiee
 Os group ka admin kon ha hn
 I mean mara number tum kis ko send karou gi ka is ko add kr liy
 Is ko kaho na muja group ma add karii
 Is na to muja group ma add nahii kiyaa
 Jisss ma five star ho wa wala download karou
 Ok ok
 Hahaha
 Thanks
 Okiee
 Welcomw
 Hahahah
 G bss
Same to u â™¥ï¸ğŸ˜Š"
15-19,female ,Student of Fsc,12 year,Single ," thnk u
ğŸ«°ğŸ»
 ok
 or es mai?
 Naina  waiii
 Naina  ye kahan se karna hai
 Naina  copy mai lekhna hai
 bio urdu or English ka hai na kal
 English ka kam send karna bad mai
 jb tumhara dil chahe to send kar
 mamo
 na
 ğŸ¤£
 ğŸ¤£ğŸ¤£ğŸ¤£
 dafa ho
 ye mama ne lagya hai
 ye kis ke sat hai
 lekin mam ne to wo nahi karwaya copy nai
 acha
 waiii
 phy eng urdu chem
 ye zra batao
 English mai kya test hai
 kuch nahi
 nahi yahan to nahi hai
 abhi kar rahi hun
 mai bahr hun
 ğŸ¥ºğŸ¥ºğŸ˜
 ye chemistry ka.kam kese karna hai
 acha g
 ğŸ¥°
 sahe hai
 numerical send kardo
 mujhe nahi mil rahe
 thnk youâ™¥ï¸
 shukriya g
 ğŸ¥°ğŸ¥°
 mujhe bhi dekhna haiiiiğŸ¥ºğŸ¥ºğŸ¥ºğŸ¥ºğŸ¥º
 ğŸ˜‚ğŸ˜‚â¤ï¸
 "
20-24,female ,Student of Psychology ,16 year ,Married ," W.salaam
 Sbr me b send kti hu
 Me Abi ayi hu garğŸ¥´
 ğŸ˜˜
 Mera no save kro
 W.salaam
 How r u??
 Bs yaar teek nahi hu
 Abi bi Dr k paas se ayi hu
 Yaar temperature he
 Kafi high
 Ameen
 Yaar wo notes to photo copy wale k paas he
 Achaa
 Bs kher he
 Kesi ho
 Achaa
 Or practicals
 Acha acga
 Kaha he sbr me dekti hu
 Or sari to nai he
 Ok tnkuu
 Tnku so much noorâ™¥ï¸â™¥ï¸
 Ok ok samaj gai
 Shabash
 Respect, nature
 Wah wah ğŸ‘‹ğŸ»
 unholy
 I can swimğŸ˜‚
 Looks
 Koi Shaq??
 Ha haa
 Match har gaeğŸ¥²
 Hhhha nhi yaar Dil khfa kar diya bs
ğŸ–ğŸ»ğŸ˜‚"
20-24,female ,Doctor ,16 year,Single ," Love you my jaan ğŸ’•ğŸ’â¤â€ğŸ©¹ğŸ’šğŸ’›â£ï¸ğŸ§¡ğŸ’˜ğŸ’–ğŸ’—ğŸ¤ğŸ’œğŸ’œğŸ’œğŸ’œğŸ’œğŸ’œğŸ’œâ¤ï¸â¤ï¸â¤ï¸â¤ï¸â¤ï¸â¤ï¸â¤ï¸â¤ï¸â¤ï¸â¤ï¸â¤ï¸â¤ï¸â¤ï¸â¤ï¸â¤ï¸â¤ï¸â¤ï¸
 Thanx loveâ¤ï¸
 Khn adm kiya
 Jamil chock
 Heyy thanx sweet heart it's so kind of yah ğŸ«¶ğŸ»
 Woah â¤ï¸â¤ï¸
 Means to me sooo much I'm heartedly touched..... ğŸ’–ğŸ’–ğŸ’–ğŸ’–
 TyssssmmmmğŸ’–
 Ohh so nice of ya mhm.. Thank ya ğŸ’–ğŸ’– my sweeto.
 Happy birthday my love ğŸ’—â¤ï¸ğŸ¥°..... My dearest friend noori..... Have the charms of your life... Enjoy every single sec of your g looming lifey.... Ur such adorable the way you r.... Ive spended gud time with you..... I wish that you alwyz b bright with that superb nature.... â¤ï¸â¤ï¸â¤ï¸ Once again
Many many happy returns of the day âœŒğŸ»ğŸ¤©
 Thank you so much sweetheart"
25-29,female ,Student of Law,16 year ,Single ," Thanks
 Thumhary kutnay marks aya
 ğŸ˜‚
 HayeeeeeğŸ–¤ğŸ–¤ğŸ˜‚
 Pagal ho gai ho
 ğŸ˜‚
 Hello
 ğŸ˜‚
 Kasi ho
 Theek city uni ka funfair par ao gi ?
 Abhi nahi pata lakin hoga aogi
 Oooo
 Jino ko msg bhee Karna ata ha wowww ğŸ¤£
Delete nahi kia new phone Lia tha tu sab ka contacts chaly gay
 Asa ho sakta ha ğŸ–¤
 Bass parhai
 Send Kat
 Happy birthday ğŸ‰ğŸ‰ğŸ‰
 Thank u so much â¤ï¸ğŸ’–
 Pounchhh rahiii honaaa
Tum tu mujyyy Bhool he gaiii hooo
 Asy he thumhari yadd aye Socha msg karlo
 Nahi abhi kidar
 Larki to din ba din khubsoorat hoti jaa rahi hai kahin pyar ka chaqar to nahi
 ğŸ˜­ğŸ˜­ğŸ˜­ğŸ˜­nahiiiiiiiii
 Inshallah ğŸ˜‰
 Allah maaf karay ğŸ˜­ğŸ˜­ğŸ˜­
ğŸ˜‚ğŸ˜‚ğŸ˜‚ğŸ˜‚ğŸ˜‚ğŸ˜‚
 Ya loo happy
 24 ghantay Rona ğŸ˜‚ğŸ˜‚
ğŸ˜‚ğŸ˜‚ğŸ˜‚ğŸ˜‚ğŸ˜‚"
25-29,female ,Doctor ,18 year ,Single ," Plz app sa request hai app send kar dy
 Walaikum us Salam
 Okay App send kar dena ...Yaha signal ka issue hota hai ma ghar aai hui hu na is liya app phely muhje send kar dena
 Ma bi
 App please muhje send kar den
 Okah Thank you soo much
 Mere 6 room number hai
 App ka room. Number
 Okay
 Mere mm wala hi hai
 Okay
 Once again Thank you my dear â™¥ï¸ğŸ«¶ğŸ»
 Aur ya Something last ma jo hai is ka nechy kia write kia hua hai means ya jo cut.  Chance etc
 Is ma rhetorical question ma red pen ka sth kia write kia hua hai Aur sth is ka upr...ya kia write kia ...( goes down to upward ) ya kis ka sth hai
Is ma ya last ma water ka nechy kia write kia hua hai
 And thank you for all that
 Okay
 Okay Thank you
ğŸ«¶ğŸ»â™¥ï¸
 Is ma ya more nhi aata hai exame of possessive adj ma
 As per my obervation waly point
 Ma more aata hai ya nhi
 Is ma ya adverb of negation ka nechy ...jo comment to express hai ya isi adverb ka sth hai ya ...kui aur hai ..means app na comment ka sth kuch likna hai ya nhi"
20-24,female ,Student of Zoology ,16 year ,Single ," Yes u
 Oh acha acha
 AsSalam.o.alikum
 Kase ho
 Alhamdulilah but filhal tension ha bht
 Inshallah acha hoga sb ka
 Family ma kase ha sb
 Yaha b sb A1
 Pehly ma khud result chk kar loğŸ˜‚phr batao ge
 Allah isi tara kamyab kary
 Mashallah
 Mery pas ik number ha wo sania or arslaan use karty ha
 Ok behna thnk uu
 YawrrğŸ˜‚ğŸ˜‚ğŸ˜‚
 I only like all of them ..
Love wala seen ni ha ğŸ˜œ
 Snt mre
 Thnk u
 Snt me
 Wah ğŸ¥ºğŸ‘ğŸ»
 Kse din mery ghar ana
 Mazy Karo
 Hum new ghar SHIFT hogye ha
ğŸ˜‚ Hmm ni ktna kharcha ata ha ma ye pooch rai ho
 Bht phr b ktna
ğŸ˜‚ Yes ye b ha.. Ma tabi pooch rai ho k tmary sary Bai University wagaira jaty ha to onko Thora bht idea hoga
 Snt me.. It's amazing ğŸ¥º
 Awwww
 Thnk u so much
 Thank you so much â¤ï¸
 Chalo sahi haâ¤ï¸ğŸª·
ğŸ˜‚ Tm muje bolao na zara. ğŸ˜‚ Mane b yahi bewaqoofo wali harkatein karni h"
25-29,female ,Doctor ,16 year,Single ," Akely
 Ni pee jana
 Hamry liye bhe wait kro
 Hhhh
 Hm bhe phr wahe ka wahe khaa jayen gy
 Khali hath ayen gy
ğŸ¤£ğŸ¤£ğŸ¤£ğŸ¤£
 Phr sy divide krna pare ga
 Sab kch
 Wo 3 or bhe to hen
 Mushtandiyan
ğŸ˜ƒğŸ˜‚
 Hhhh ye bhe h
 Wo mushtandiyan uthee hen
 Oye
 Thandy kr k rakhy thy
 Kch gira hoga is m
 Khany ki cheez the kharab ho jate h ab kabhe kabhe aesa bhe to hota h na
 Hhhh bsss mara itny to khaye hen
ğŸ˜‚ğŸ˜‚ğŸ˜‚
M ny kaha pta ni kya howa h
 Usy kaho kabab ka khyl rakhu
 Kabab agr gaye to hamary laly par jayen gy
 Mery to ayyy lag gye
ğŸ˜‚ğŸ˜‚ğŸ˜‚
 Tmhy mjh sy bhe zyada gham h
 M bhe ni chupati k shak wak na kre
 Oue
 Ghalib
ğŸ˜‚ğŸ˜‚ğŸ˜‚
 Agya h
 Hhhhh toba krrr ğŸ˜‚ğŸ–ğŸ»
 Ye sapna or us k 10
 Hhh
 Saqib
 Sapna saqib laye g"
20-24,female ,Radiologist ,16 year ,Single ,"Wy
 Acha
 Bara jaldi reply diya ha
 Ati nii ho kia hamary ghr
Phr kb
Wy
Zara mjy apny bag ki pic send krna"
15-19,female ,Student of Radiology ,16 year ,Single ,"  HayeğŸ¥º
 YuzieeğŸ«¤ ka seen kia hai
 Na mra
 Hhh
Tumhare vo test m kitne marks hai?
 Same
ğŸ¥²
 Maryam k bhi same hai
Uska aur eman ka tu sahi conversation start howa hai
 Pta nhi maam jalwa s khrhi t k agr aur test hai tu phir ise marks dedongi aur aghr nhi howe tu phir must longi y test
 Na yar
M ne ajj kelye chora t aur ajj mere mamo agheye
 Wese konse topics hai
 Same
Aur vo log tu group m srf scope aur intro ki bare m baat krrhe t
 Itna mushkil hai
 Maryam n bhi msg kia t poch rahi t kitna hau phir use b Clear kia k ye teno lectures hai
 Wah
 ğŸ˜¥
Wo baji tu sai free huwe hai
 Choro mara
Ha na mene b yaad nhi kia abhi lg raha hai t kitna tough hai
ğŸ¤­
 Chlo tum bhi yaad krne k koshesh karo aur m bhi
 Allah Hafiz
 Kidr ho class start hai"
20-24,female ,Student of Radiology ,16 year ,Single ," W salam
 Maim nai send nahi ke hai
 Num nahi hai mera pass
Us nai mera number liya hai
 Us ka number bhi nahi hai
 Nahi us nai mera number liya hai kaha tha k msg kar dongi abhi tak nahi kiya hai
 CR ka number hai mera pass
CR kiya kara ?
 cR k pass bhi biochemistry ke maim ka number nahi hai
Hum dono ka num hai maim k pass liken us nai abhi tak na msg kiya hai na slides send ke ha
 Itâ€™s ok ğŸ‘ğŸ»
W salam
 Mera pass tu open hu raha hai voice ka saath
Ho raha hai karo check
 Achaa
 G g
 Ms word pe karne hai
 Mai mai pocha tha
 Nahi"
20-24,female ,Student of English ,16 year ,Single ," Lilly
 Nahi thank u sweetheart ğŸ’›ğŸŒ¼
ğŸ˜
 Thnk u noorâ¤ï¸
 Kitne piyare lag rhi hağŸ˜ğŸ˜
 Delet na karna bhabbi ho bati h
 Kk
 Ok wait!
 BusğŸ˜
 Dek li!
 ThsnkğŸŒ¸â¤ï¸
 Sunu zara mujha chem ka prcticle bej do pljğŸ¥º
 Ok tyâ¤ï¸
 Plasma membrane snd karo!
 Kese ho?
 Tum q nahi ai
 Acha acha
 Ab tek ho?
 Mai ne kaha ka pata nahi q nahi ai
 Kal jao gi?
 Kl pper dene jao gi?
 Shukriya
 TysmğŸ˜˜ğŸ˜˜
 Yummm ğŸ˜‹
Ameen suma ameen
 Ameen
 Thnn u noorğŸ¥ºğŸŒ¸
 Yaar mera pss nahi ha plz snd me
 Ok thk uâ¤ï¸
 Bus wala nahu ha
 Ty sweetheartğŸ’—
 Jaru wala
 Req nahi ai
 Tum ne kisi aur ko bejha ha
 Bhot pyare
Sahi snd karo mara maine konsa viral karna ha
 Oyee
 Nahi is ka kya matmb howa like"
15-19,female ,Student of Dental ,16 year ,Single ," Class over hui hai
 Kaha ho
 Yaar mera laptop kaam nai kr raha
 Kaha ho
 Noor ul ain class me paiso ka zikr mat krna
 Acha
 BS mat kehna
 Sir class me hai
 Han kyu
 Uni ai hon
 Abhi ghar sai nikal rahi hon
 Acha
 Acha
 4 tak
 Kaha ho
 Ye ha
Is tarah ki do li hai mere liye or marwa k liye but chain hai ya bracelet ye nai pata
 Abhi class hao
 Han
 Acha
 OK kaha ho
 Class me ho class ho rahi hai
 Wait
 Ok
 Sabar cr se treat ki baat kr rahi hon
 Tm logon ki
 Kis time aao gi
 Me saamne ho
 R2
 Class hai English
 Bas aati hon thora wait
 Acha
 Aati hon 3 tak
 Class kaha hai
 Itne time se dhoond rahi hon
 Reply to karo na
5 tak jate hai
 Nai"
20-24,female ,Student of Pharm-D ,16 year ,Single ," G
 Yar
Vo videos
 Or
 Video pe song set kia ?
 Hahahaha
 Jahaha
 Acha g acha
 Slomo may or normal dono send Karna acha
 Jani
 Ok
 Is per song Jani
 Acha may aik video send karungi os ka song is per lagana acha
 May bad may song send karti hun acha g
 W8 krnaera
 Mera
 Ok g
 Ye song lago os pe
 Theek hai
May bhe
 Abhi uthi hun
ğŸ¥²
Is video ko slomo may karo k song k mutabik time par phir set hojeye
 Good good
 Ye achi hai
 Thank uuu yrrrr
ğŸ’‹ğŸ’‹
 â¤ï¸"
15-19,female ,Student of Engineering ,16 year ,Single ," Hi
 Walaikum asalam...
 Hmm us time kamtha but abhi hogayağŸ™ƒ
 Asalam u alaikum
 How r u dear
 Acha many presentation kybary Mai puchna tha
 Apny kistopic par banaithi
 Acha
 Yar ma kispe banao
 Kuch samaj niai
 Arhi
 Yar yehito confusion haina
 Hmm
 .....
 Salaam h
 G
 Ap free ho
 Ek kam tha
Kuch ni"
25-29,male,Rescue ,16 year ,Single ," Knse questions??
 Zaroorat nahi
 Last wale nazr nahi aa rhe sahi se??
 Link down hai
Kl subah check krun ga
 Taj Gathering aur Paramount Club bhi hai
Change krna hai toh bta do
 Sarmad aur Huma ne bi Crown Club select kia hai
 theek hai??
 main ne second jo k 23 ko hai k liye apply kr Diya hai
 iss k 3 test hain
 Haan
 Main subha ghr awn ga
 10 30
 8 30 tk"
25-29,female ,Psychologist ,16 year ,Single ," 250 hy
 Meri handfree
 Ok
ğŸ™‚ğŸ¤¦ğŸ»â€â™€ï¸
 Videos
 Chngrii insnn
 Videos
 Pics videos bhjo
 Allah tujhe aisa shohar de phr
 Aise hnge
 Chl bhj
 Tera kia jta
 Mraa bhjde
 Pics bhj
ğŸ™‚ğŸ˜’
 Zraa location bhjdo apni
 B's thik hy
ğŸ˜Œ
 Irtaza b hyğŸ¤£
 Kuch mnts
 Bd
 Roll no naii hy
 Le k bhjo mujhe
 Or aqsa ka b
 Itni knjrii hai aqsa naii bta raii
 Arsal se pucho
 Msgg scene kiye hyn
 Lkn reply nii de rhi
 Mene apni Amma ko btaya kl Raat ko
 Khtii kesi hy mene bola thori tbytt khrbb thi
 Amma ne btaya hoga
ğŸ˜†
ğŸ˜‘
ğŸ¤
 ğŸ¤¦ğŸ»â€â™€ï¸
 Acha acha humtu jyeinge
 Boldngi
 Aqsiii ka PTA lga
 Hasan ka b
 Call khrkaa"
20-24,female ,Student of Radiology ,16 year ,Single ,"Noor tumne group main ye kion Kaha Hai K slides prepare karain gay ya nahi
 Har koi khud karay ga na apni slides
 To oos KO yahi lag raha hai
 K tum Karo gi
 Kion K tumne msg hi aisa Kia Hai K AAP kar rahay Hain ya main karoon
 Hana Zara karo
 Har Kisi K apnay apnay marks Hain sab khud karain
 Or mujhe Zara topic batao
 Ye topic to itna mushkil hai
 Ok
 Lakin yaar google main to Sahi kaam info hai
 Or topic BHI Sahi mushkil hai
 Main kitnay slides Ki banaoon presentation?
 Phir main kar K tumhe send Karti hoon
 Lakin tum Dekho K tumhe koi problem na ho
 To main Abhi na banaoon?
 Presentation
 Ok theek hai
 chalo theek hai
 Haan theek hai
 Noor ye Ahmad to karnay baith Gaya haiğŸ˜‚ğŸ˜‚
 Taab hi to main kah rahi thi K ye na ho
 Group main
 Chalo bas khair Hai Kal oosay face to face baat kar laain gay
 Hana wahi to
 Itna bewakooof Hai hammaray name already ooper likhnay hoay Hain na"
20-24,female ,Student of Radiology ,16 year ,married ," Noorrr???
 Yrrr zra Neuromuscular junction btao ismai kia hota hai
 kia kia lkhna haii.?
 Okkkkk..
Diagram knsi wli
 Nainaaaa
 Yeh endplate potential iska kia kirdar hota?
 Kl blck cfe chLti???
 Ppr k bd
 Jaogi k nhi yh btao na
 Ya university mai he order krwa lyn ??
 Chlo subha bT krty phr
 Han jan bolllooo
 Sb sy he asy krti huğŸ˜‚
 6 7 log to hai
 Ok boss btayiye"
20-24,female ,Teacher ,16 year ,Single ," Doctor ka pochu phr mujhe inform karo
 Hi
Hi
 Wksalam
 I m also fineğŸ˜Š
 Nahi na abhi tk nahi aya
 Pagal tum mujhe yad dilati na
 After eid I will return uâ™¥ï¸
 Yes may be ajaye
 Tum kasi ho
 Boht busy ho
 Any time oflne...
 By dear
ğŸ™„ğŸ™„
 I will call u next time
 Wowww soooo intelligent MASHAALLAH ğŸ˜
 Nahi ma na chnge nahi keya thağŸ¤¦ğŸ¼â€â™€ï¸
 Mob bahi k pas ha
 10 mins wait karo
 Ma call karti ho
ğŸ¤£ğŸ¤£ğŸ¤£
 Zara mujhe batao
 English and psychology
 Ak ak page ki pic lay kar upload karni ha?
 English and psychology written keya ha
 Online ka munjhe smaj nahi aati
ğŸ˜­
Is sa kia hota ha
 Ok
 Assignment pic snd kare
 Is ka tu aj last date ha na
 Woww reallyğŸ˜ğŸ˜
 Tnx soooo much dearğŸ˜šğŸ˜šğŸ˜š
 Yes sub submit hogaya"
15-19,female ,Student of IT,16 year ,married ," Hi
 Nahi o formal informal
 Wala
 Ap ni kiya hai
 Aj last date hai
 Muji bilkol tareqa nahi ata
 Mari kardo plzzz
 Dowai dongi
 Okay
 Ok
 Okay
 Thanks
 Thanks
 Lms par upload kiya hai"
20-24,female ,Student of DPT,16 year ,Single ," Slm noor muqadas mri data cable (charging cable) uni ma e rh gy the us lab ma or kl tma pta h ma ni a skty to plz zra kse sa poch lna kse na uthy hu ya le hu odr sa to tm la lna plz
 Acha g but ma ni la ry
 Ni"
20-24,female ,Student of Software ,16 year ,Single ," Assalamalaikum
 am aqsa
 Ap group may thi AI walay
 Tu may ne waha se apka number liya
 Mjhy pata nhi hay k ye kis cheez ka task ap log send kr rhay hain
 Kiya ap bata skti hain?
 Or classes kab se start hui hain?
Or classes ho rhi hain ap logo ki please let me know
 University may  hi
Kitna kaam kiya ap logo ne
 Ap bata skti hain kiya kiya
 CS
Acha acha
 Konsay teacher hain
 Acha acha
 Or ap agr topics ki list bana dain
 Okay
May tu raastay may hn ghr ja rhi
 Kab start hui
Kiya prha
Meri attendance lagai?
Oh acha
[5/19, 7 43 AM] Naina  Phr kiya kaha unho ne
 Lagai ya nhi
 Laga b dy ab
 Allah karay
 Class start ho Tu btana
 Jb class may jao tu msg kro
 Sir aay thay?
 Kiya prha
 Acha
 Class start hui?
 Nhi yar presentation thi"
25-29,female ,Student of DPT ,16 year ,Single ," Yar actually mujhe nhi pata ğŸ˜…
Aana hoga na kl agr bataya hai tau
Uni se pata krwaya tha tumne?
 Han tau bs phir
 Agr unhon ne kaha hai tau aana hoga na
 OK mein wohi hongi ğŸ˜‚ğŸ˜‚
 Tumhein unhon ne timetable dia tha?
OK tau kl kis time aaogi?
 Han time pr aana raake schedule waghera mil jay
 Aur classes ka bhi pata chl jaye ga
 Acha sahi hai
 Wese tau office 9 tk open hota hai
 Lekin tum dekh lo phir
 Books bhi tau nbi hain na tumharey paas
 Yar 1st day hai aur koi class ka nhi pata tau zaroori nhi
 OK OK done
 Chalo phir kl miltey hain In sha Allah
 Han na
 Isi liye keh rhi hun
 Aao tau mujhe bata dena
 Meri class wese bhi 10 30 hai
 Tum seedha andr aa"
20-24,male ,Student of Dental ,16 year ,Single ," Slides me bht mushkil hen
 Tm kahn se yaad kr rhi?
 Laptop se
 Mene to filhal scope of ICT and components hi yaad kiye yaad kiaa bs
 Mat kehna
 Parhe hen
Slides ki theme he itni khofnak hai dekhne ko dil ni kr rha
 Pata ni tm log bolte kuch ni ata ye paper me likh kia rhe hote smjh ni ati
 Mjhy ata hai
Aik bnde ke muh se ab tk ni suna
 Oye aik kaam krlo noorulain se pata krlo usne koi asan definitions ka jugar kiya ho kia pata
Aj ka to fail hogya mera kal ka ni chahta fail ho
 Usne alag rona lagaya hota
 Me to sojaon uthta jo yad kiya wo bh bhul jataâ€¦
 Extra sheets lete henğŸ« 
Mushkilon se 2 pages likhe hen mene aj
 Paper me hath ni thakta likhne se
 Kuch nh ata
 Lab ke bary me smjhaygi mam
 Final me dekhenge mids ke baad daily routine me study krni"
35-39,female ,Teacher ,16 year ,married ," Hn me Khud b Kitna Maza Ata tha
Me khul k BT he nhi krti Kisi se
 Qasam se me Abi tak Kisi larki k sth comfortable nhi Hun Teri sth bht Thu
Qasam se yr yhi msla haj
 Jesy tery sth Krti Hun na Tu Tu kr k Kisi k sth nhi krti ab
 Phly to hamari Id b ik dusry k pass Hoti thi ğŸ˜‚ğŸ˜‚ğŸ˜‚ğŸ˜‚
[Mujay nhi yd ğŸ˜‚ğŸ˜‚
 Hn ğŸ˜‚ğŸ˜‚
Woh log to mujay psnd he nhi hein bt b krny ka Dil nhi krta ğŸ˜‚
Hn khasam mil gya Hai na ğŸ˜‚ğŸ˜‚
Hn yar ğŸ˜‚ğŸ˜‚ğŸ˜‚
Hn Amna uski behn Jo rang laga rhi tujay pta ğŸ˜‚
Nhi g bilkul ghlt Eman Zahra se Sahi guess b nhi kr skti
 Lo g kh to Rhi Eman Zahra SE
 Woh Achi hai
 Acha Kia hai ğŸ˜‚
Woh Ahsan nhi Hai zarmeena ki class wala
Tera Kia naam tha Kia mujay bhol gya Mera honey hota tha tera sweetie tha ?
 Woh mota tharki Zainab Ka Bhai"
25-29,female ,Teacher ,16 year ,married ," Meri research haii
 Questionnaire hai
On students that are undergraduate
So I'll be using these Questionnaires as a sample
 Koi pressure naii haii if you are willing to kar doo
 Naii, too masla naii (ethical consideration)
 Jee thankyou âœ¨
 For the cooperation
 Or sab thek
 6th hai abhii
 Bs 2 orğŸ˜®â€ğŸ’¨
 Jee mini research abhi
 Benazir kidr gaya?
 Tum kis uni?
 City peshawar model wali i guess?
 Dpt kar rai?
 Oky good
 Kisi ko dpt ka kahoo too kehty malshiğŸ™‚
 Co hai na city?
 Psychology ka kaho to kehty paglo ka drğŸ™‚
 Surgeon bano to kehty kasai like wtfğŸ™‚
 Hahahhaa
 Wahi bs
Tumn"
20-24,female ,Student of Radiology ,16 year ,Single ," Tumse issi Ki umeed thiğŸ˜‚ğŸ˜‚
 Eman Zara computer ka test bataoo mujhe K Kia tha
Bas main nay confirm karna tha
 Mujhe pata Hai wo scope or productivity walay ka test hai
2 lectures hain
 Or Kal anatomy Ki class Nahi hai
Computer ki
 10 bajay class hogi pehle
 Class wali main
Hana
 Pehle or phir doosri class main hai
 Lakin madam kah rahi thi K lab wali main BHI Shahid laay laain
 Yaar pata to Hai K mujhe say kar rahi ho
 Oos ka confirm Nahi hai
[5/18, 9 02 PM] ğ„ğ¦ğšğ§ ğ™ğšğ¡ğ«ğš âš¡  Acha lagati hoon pehle APNi series dekh loon
 Koi achi pic mili
 To Laga Doon gi baat main
 Aab tumne mujhe tension main dal dia hai
 Phir Laga loon gi
 Lakin main phir BHI dekhoon giğŸ˜‚
 Eman tum Kaha ho?
 Isl"
25-29,female ,Statistics ,16 year ,Single ,"Kr leya
 YussğŸ˜‚
 Haha nahi
 Sunaaa n kasyyyy madmmm
 Tek
 Hahah yusss
 Haha nahii
 Tou krr
 Han
Waee q
Na
 Haha nahii
 Aja
 Tou a na
 Tu
 Aja
Haha hna choro mara*Ú†Ø§Ù†Ø¯ Ø¯Ø§Øª Ù…Ø¨Ø§Ø±Ú©*ğŸŒ™Choro Mara ek din kuch nahi Hota wae
kise din meri uni ao"
20-24,female ,Student of Dental ,16 year ,Single ," Meri wo Jo English ki presentation thi na
 Eman bat sunooo Mera ik kam karooo
 To usko kia tm Mujy explain kr do gi
Ma tmha send krti
Free ho kr
 Nhiii nhiii abi NHi rat tk send kr dena Ha g
 Pr bhol na Jana
 Hahahha han na
 Wesy agr ma ya status lagao to koi masla to NHi hoga na
 ACHa ACHA bs ma pochna tha Khair tm Mujy iska kb Bata ri ho
 ACHa han Sahiii hai bs jldi ajana
 Sahiiii hai bs jldiii ana
Emannnnn janiiiiiiiiğŸ¤ŒğŸ«€
 Mera lia present Laga Dena plzzzz ğŸ˜©ğŸ«€ğŸ¤Œ
 Ha g tnqu tnqu ğŸ˜˜ğŸ˜˜ğŸ˜˜ğŸ˜˜ğŸ˜˜ğŸ¤ŒğŸ¤Œ
 I guess details ma likhni hai
 Wo to sir na hamari practice ka lia kaha tha
 Aur may be
 Ho skta hai
Examples di h sir na
Hahahha abi tk shuru howa hai aga "
40++,female ,Dentist ,18 year ,married ," Uski bt kb hui?
Kha g
 Ab y mil gya y b puri chz h
Ty wt ksy
 Kb sy
 Tm Kya kr rhi ho aj kl
Kahn s
 March m admission hongy
 Virtual uni m
 Chlo achi bt h dear
 BS bio technology
 Tm
Puchti Tak ni ho Kisi ko
Rt ko b university htibh9
 Kahn masroof ho asi
 First semester k?
 Waah
Ach ach
Q Kya routine h
 Bewafa log"
40++,male ,Doctor ,18 year ,married ," A slam...!
 G yai to psychological test hay yai to ap apnay experience k according fill karay gy...ur answers to har kisi k change hy ho gay us ki thinking k according
 To aisay kahay na
Jee real age hy bta rha 18 hay...
 Shukria
18
 Pta nhy
Aql mand logo k lyai hay ğŸ˜‚ğŸ˜‚
 Jo jo choray un my very often true ata
 Q
 Eid Mubarak âœ¨â­
 Madrasay k exam ka result...
Bs gharuur nhy kya ğŸ˜‚ğŸ˜ğŸ˜…
 True ğŸ˜‚
 ğŸ˜‚
 G shukria"
20-24,female ,Student of Radiology ,16 year ,Single ," Smjhha krr naaa bsss ...
 Dil sy thori likha jannn.... mzk ğŸ¥ºâ¤ï¸
Vdeo achi bni?
 Hn j3eeeee Dkhii mnnyyyy
Ik choti krlty hain na dkhh blkul dl nhiğŸ¥º
Yrr Monday ko mai university nhi au gi
 Bsss naaa 2 din sakon sy ghr mai rhny dyyy naağŸ¥º
 ğŸ˜‚ğŸ˜‚
Phr t mai blkul nhi arhi"
25-29,female ,Student of Economic ,16 year ,Single ," Nahi yar heeramandi dekh Rani thi
Agayi hai
 Horror hai shayad
 Chalo phir dekho gi
 Haan achi hai bus
Chalo Mai aj dekho gi
 Tumhe Nahi lagi acho
 Tumhare type ki Nahi hai ğŸ˜‚ğŸ˜‚
 Wo jo aj ayi hai hai
 Deep batain hai love and war wali
Haan dekhi hai likn Koch samajh Nahi ayi
 Heeramandi Nam haina
Chalo Mai dobara dekho gi Kiya pata samajh ajaye"
20-24,female ,Radiologist ,12 year,Single ," Mera tu parna ka dil he nahi karta
 Mujha tu bohot tention hu rahe hai
 Khud
 G
Wo pehla kaha tha na
 Khud he bheej diya ğŸ˜‚
 Chala delta hai inshallah
Khadija gar jaa rahe hai paper k bad
 Dekh langa"
25-29,female ,Audiology ,16 year ,Single ," Kitni hui hai apni bata do humse na poochoğŸ˜­ğŸ˜‚
 Chlo khair hai lkn tumpr acha lagrha hai ueh
 Acha acha mazay hogaye tumharay
 MashaAllah kya baat hai
Han naağŸ« ğŸ« 
ğŸ˜­pata nai itni mili hi nai tou mene count hi nai ki phr
 Achaa waah woh tou shopping bh sath krti hain
 ğŸ˜­ğŸ˜­
 ğŸ˜‚mene nahi ki
 Han qsmyyy
 Han sb busy hotay hain koi din hi barabar nai hota
[5/18, 7 59 PM] Sharmeen Arif ğŸ«€  Han naağŸ™‚ğŸ™‚ğŸ™‚ğŸ™‚
Sharmeen tumhari achi bhaali Pictures aati hain achaaaa
 27 ko khatam hongy
 Mere parso se ospe hain
 Or next week se mids
 Heyloo larkiyon
 Acha achaaaa
 Aaj raat free ho?? 
Agr free ho tou aaj call krengy raat ko
 11 baje tak krlengy (time thora bht aagay peechay hoskta)
Free hojana tb tak
 Bs zainab aaj khud ko free krdenağŸ˜­"
15-19,female ,Student of Fsc,12 year ,Single ,"Oh acha acha
 Pmdc wali?
 Gg aj uska nikkah tha na
Ni Yar mujha pick and drop ka problem hay bhoth
Tum ja rahi?
Kia Kay sath Jao gi?
Yar Mera bhoth zyada Dil hay liken hall bhoth dur hay or mujha koi le kar ni ja raha hamary pas car he ni hay or jaga dur gay to ni ho sakta
G Yar Mera bhoth Dil hay any ko kasam say liken ni a sakti many dress Tak rakha hova tha Kay may ya pheno gi liken ab kia karo
 Bhoth dur hay auto may ni a sakti
 Achaa tm kha rehti ho
Sikandar pura"
20-24,female ,Student of nursing ,16 year ,Single ," Free ho?
 Gg
 Ghr kis time jao ge
Invite krna tumhay birthday pr aur plan batana aur hn iphone nhi lao kher hai mein iphone k liye nhi bula rahi acha phone yahan hai meray pass bss tum ne ana hai okğŸ«€ğŸ«€ğŸ¥¹
 Tumhay mama kab tak allow karti hain matlb kis time tak?
 2,3 kisi bhi time
 Thankuuu pretty Ameen Ameen AmeenğŸ¥¹â™¥ï¸
 Okok
 Kaisa hua ??
 Nhi aya bhai?
 Mama aur chota bhai"
25-29,female ,Student of CS,16 year ,Single ," ASSALAM O ALAIKUM
 Maryam k c ho
 Kuch dost rohani tor pr jure hote h
 Mje pehchana
G g bilkul
Wayy Qurban jaoo
 ALLAH
Acha nashta krlo
 G wo AMMI ka ta
 Chalo tm fresh hojao
 Pir baat krte h"
40++,male ,Professor ,22 year ,married ," Assalam O Alaikum
 ALHAMDULILLAH blkl theek
Tm btao kesi ho
 ALLAH ka shukr bohtt Acha
G g jaata hoon
9 bjy tk
 Kia huwa
 Acha mujhy laga pta nhi kia huwa
Q nhi marah
 Tm bhi msg nhi karti na
 Tm btao kia hal chal ha"
35-39,female ,Artist ,16 year ,married ," Is nmbr 800 easypaisa krde
Agr possible hy tu kra doğŸ™„
 Hyn pass?
Phr jldi bta do
 Ok ok
 Koii msla nhi
Nmbr bhja hy uspe
 Handfree?
 Acha
Gal sun
 Sun
 Ullu
 Yraa chl sahi hy
 5k tujhe easypaisa kr don I don't hv cash
 Mere ps acc me hyn"
25-29,male ,Student of Cs,16 year ,Single ,"Aoa mera naam h lab class m?
 Mera to section chnge h
Mam se
Kehna k merre kam h barish k waja se nae ae
 Or kn kn h is section  m
 Pc p mushkil hga
Mera dekha?
 Ohho
 Sahi sahi bht shukriya"
30-34,male ,Teacher ,18 year ,Single ,"Aoa agr hosky to eng m attendance lagadena
 Shukriya
acha chlo koe nae
 Han har bar yahe krte hu isiliye
 Thank u
Asal m course khtm h presentation hgae h to kiya kre class m
Han agli clas m ajoge
 To join karany mey kitna timwe lgta hyy
 Duaon mey yad rakh
 Inshallah milengyy
Ameen summa ameen
 Khair Mubarak g"
20-24,male ,Student of Engineering ,16 year ,Single ,"Na krrr
 Ahhaha
 Ye kya scene hyy
 Inshallah
 18 ko
Good hugiaa
 Dekhonga inshallah
Agr koi kaam na hua tu
Screen recording kr lenaa khair hyy
 Ok hugia
G bro free ho?
 Yar thora busy tha soory
 AlhamdulillaH
 Msla ni aj aftari k bad sai
 It depends on luck ğŸ¤ğŸ»"
30-34,male ,CS,16 year ,Single ," Fab fit AlhamdulillaH ğŸ™‚
 Sham ko sai inshallah
 G bro aj krni hai?
Mujy sai sy samjh ni aaya
Google meet download hai ?
 Kya keh rahy jaldi krna ya late?
 Koi msla nai ğŸ‘ğŸ»
Us sy pooch lo uska koi dost ho?
Jispy pehly carding na ki ho?
Kidar ki device hai?"
25-29,female ,Radiologist ,16 year ,Single ," Alhmdulillah
Ap kesi ho
 Ghr my sb thk hain
R training kesi ja rhi hai
Q
 Achi nhi ja rhi
Acha acha
Hmm ğŸ˜‚
 Grmi bhtt thi
 Gai thi bs phr dill nhi kiya
 Ap sahi BT b toh nhi keh skti k me dare gai ğŸ˜‚ğŸ˜‚
 Toh dill nhi kiya
 MRI city scan kiya
 Rotation hai k nhi
 Ya just x rays
 Hmm saii
 Kya hoa
 Q
 Nhi toh
 Acha
 Nmbr he nhi tha
 Hmm ğŸ˜‚ğŸ˜‚
Dlt ho gya tha
 Nhi
 Nhi kl ke wapis i hn
 Nhi toh ulti hai na ğŸ¤­ğŸ™ˆğŸ˜‚
 Aiman ke saas NY invite kiya tha ğŸ˜‚
3 years ho gy
 Kuch b nhi ğŸ˜‚ğŸ˜‚
 Ghr my sb thk hain
 Hmm ye toh nhi ptaa
 Hmm zinda hnğŸ˜‚
 Alhmdulillah
 Ohhhh
 And u
"
35-39,female ,Teacher ,18 year ,married ," to pata chly ga
 tm gai onky ghr
 lkn my ja kr change kru gi na
ali wesy hbry kesi hy k mahnoor ki mngni parayo my hogai etc
 acha
 suni to batana mjhy b
pata chly
k kya bol rhy hy
 han mou bnd ho jaye gy bad my
 haye jan choot gai
 wesy gudi brhi hosh hogi na
 ab relax hogai hogi
k mery bety sy ni hwi
 jahanum my bejo
 kya
 batawo
 acha
 wow
 oh God
 ali meeri jaan bndy ka career b hota hy na
 my to bmr b bht rhti hu na
 tum ny yqeen b kiya han
 hahahhahahaahhahahahahhahah
 sari zndgi
 my kaha soi huwi hu mery bary my kesi baty ho rhi hy wahhhh
 oh
ab kya hoga yar
 hahahhaahhah
 k ks ny kaha
 i swear
 os sy
ni pochu gi
k q k"
40++,male ,Civil Engineering ,16 year ,Single ," G Walekum Assalam
 Acha achaa
 Number kis sae leya ??
 Mae gr hun
 Acha kuch time tak neklo k chaly
 Okay mazhar logo kii shop k pas ruko bs agya
 Service road side
 5.20 tak neklo pher 

Nmaz wahan parlygy
 Maae kuch tine tak gym ata hun
 Bottle leta hun
 Namaz tak ajao oky
 Asar ki namaz k leye gym ao oky 
Mae namaz tak gym ajao ga 
Mae abi study place mae hun
 Ready hojao bs nekalty hae
 Namaz k leye gym jaty hae oky
 Mae gr hun akatty jaty hae kuch time tak msg karta hun
 5.20 tak neklty hae
 5.20 tak neklty hae oky
 Oky ao fizan k store k pas mae bs bike strt kr raha hun
 Okay agya 


Mobile gr
 Mae bs gr sae nekal raha hun
 Wohii 5.20 tak nekalty hae
 Apny time 5.15 tak neklty hae
 Okay mae bs 5 mint me aap k pas
 Mera aaj pata nii lagta k gym jao aik kam hae agr jaldii hogaya to mae late aao ga gym 

Wese to aaj mere chuttii ki possibility hae"
25-29,male ,Teacher ,16 year ,Single ," EID MUBARAK
To you and your family
May this EID be filled with love and happiness
 Nai yara yeto zruri hai
 Salty
 Nai bhai apko bhool skte
 Dani
 Kidr gya
 Ki hall hai, tabiyat kasii hai
 Way chan ny serf 50 rupy deya hai teray ğŸ¤£ğŸ¤£ğŸ¤£
 8 9 bjy bol daitay me gaoo sy krwa daita
 Shiza nay kaha k maaz jail me haiii
 Tm log kaha hooo
 Jawee na onna pechay
 Kuch haii too naee
 Chal me kashi sy pata krta hoo
 Kashi kehta hai police k pss nae ho gah
 Osko pata ho gah
 Ab sae bat nee batata
 Mrh kam bht thy abhi b natal me hoo
 Oki Allah khair kry â¤ï¸
 Kal b meri choti haii garri howe to lay jaoo gah
 Aj idher mayyyat b howwe haii or 40swa.  Tah sunny logo kaa
 Assalam alikum
 Ke hisab e palwan
 Namaz k bad aoo gah
 Hann lkin aap logo k 1 bjy haii
 Jumma haii
 Bs abhi ata hooo
"
20-24,male ,student,10 year ,single,"Got a team in competition ain't no Idea what to present ??
Alaka
 Infinix zero 30 4g wi ba drsra
 Apaka
 Alaka
Paper drzi
 Alaka
 Assignment dy upload kary
 Visual lab Hassan la kho may oko estaa password raasra nashta Abdur Rehman lamym oko
 Bs zar zar
 Na kana
 Alaka
 Freeman123
 Zarrrrr
 Hm d paky
Kna
  Khaaa
 Yeh to attendance based tha na?
 Mara bahr taly om os ralam
 JazakAllah
 Alaka"
20-24,male ,student,10 year ,single,"How's the presentation ??
 Ok
 alak
 a
yo masla da
lag AI assignment check ka chy sahi di ya na
 Sahi esta wala upload di

Da wora
Net may kharaab dy jaan

Usho bs us

 11 30 shu bs
 Na kigiiii
Zaanla oka
 Jazaakallah
 Kh kh za bs best of luck
 Qari"
20-24,male ,student,10 year ,single,"Plz tell me how to hack a wifi??, Waalikum Assalam
Ok
 Models ?
? ?audio omitted
Aw kna
?audio omitted
Waalikum Assalaam
Ok
 9 20pm la onlime sha ok
 Documentation la kenu
Za bhar yam
  Presentation tyaar ka
 Documentation ba za okam sir
 Ok sir
? ?audio omitted
 Waalikum Assalam
 Ok"
20-24,male ,student,10 year ,single,"How to do panic attacks in Linux?, MashAllah habib bhai
??okay
See u
??
 Habib sa hisaab dy Da phone?
 Wallah agha 80 na aro khata kigi na no bas prida ai
 yaraa jaani za us zama daa mobile warkoma o data transfer kol daaa
 80 dyry di yraaa wart awyy estaa khaatir di okii ??????
  Goram nan tale dai maloomat kom chi mobile ai kor kho nade prikhi
 Kha taaso sraa paaty dy maa way kor dy ??
 Qasam dai os mi sister ta call oko chi mobile kho ai nade prikhi wei agha kho sa nadi prikhi
 Chi ma sare prot ao no ma ba 70k ki darkare hom ao
????zaaar"
20-24,male ,student,12 year,Married,"Kya ho rha hain, Daa Muhib send kary
 Muhammad Asim
12623
 Waqar id sa da yaad da darta ?
 Muhammad waqar
12626
 JazaakaAllah
 Haha ?? na mara mong na mind kao ??
 Allah Dy madad gaar shi
Sa esab dy dy k sa kol dy lag om poya ka bia ao mong warta apply koli sho kna

 Da sanga dy
 Active ba she zama account bndi bro
 aao kanaa jaan zamaam usho
 Ok bro za e check koma
 Dy k sa warkma da kho onasho"
25-29,male ,student,12 year,Married,"Kyu nai kar sakta, 12 pro non pta 256 gb screen pa scratch hain thora baki set full saaf ha
?
 No cash ??
 Bal chata send ka kana
 Jaani trip la ba zy ?
 Confirm nada
 iPhone 11 
64 gb
White
Non pta
 73 ?????
128 required
[8 43 pm, 21/02/2024] Muhammad Rehan  Coursera licence ?? kho nadi open shawi ?
 Za na yam khabar
Rehan?
 13pro max kho de na laghe?
 W.salam 
Na jaan"
25-29,female ,student,12 year,Married,"Ek dost ko add krna hai,Class q nhi ata
 Konsi
Paaijaaaan
Web
 Meri to kal hynaaaa
 Section bro
 Acha
??
 Okok
Sunday ko kia kar raha hai tu
 ??
 Nothing special boss
 Khyriyat
 Gull haji chalta hai mery sath
 Q
 Laptop ka kaam hai
 Audio nhi sun sakta
 Class mai hon"
25-29,female ,student,12 year,Married,"Bhi kishe ko *HMA VPN*ka Free Trial Pata h,JazaakAllah 
Okay Da
 Bal sa eshta na chy Data shift Kam o iraada jor ka warla ????
Pura laanja da Daa kho
 Okay da Zaaa love you

 Sahi sahi
 Ta khapal kho nade kharse kare mobile
 Da mobile filhal mood delay dai aw kana
Khars dy
 Wei nuqsan kai no sala kharsom ??
Shar ba kas raazi advance ay raata oko 2500
 No os ba sa kai bia ??
Daa sa way alka yaraa convenience ay kaaa toll nuqsaan kai lagyaa di jaan khalqo paky Lakuna tawaan oko yraa
 Taata my weli oo kanaa road ta ba raasham um agha kaar dy
 Shar mobile rora bs nor pa sa na poygam
 Za goram kho ma warta wakhti na msg kare ao no os wei chi chi filhal ba ai pridam chi paise na kai no"
25-29,female ,student,16 year,Married,"Mene pahle teenpatti me kiya tha bahut chips but account block ??, Ok
 Ye Xs max yahii waala aap lyty ho ?
 Dekhte he na
Pehle ye sale ho jae to
[ Good good okay
 Hi
 Kiya banna
assalam o alikum g hammad yara filhaal to koi nahi lyta
1 bandy nay rate diya 75
 Acha to kiya karna chahye ab
 Kam he na yaar
g na
 Kiya karen ab
 80 tak koshish karrn
 Agar nikl jae to
 In Sha Allah karta hy
 Chaly theek hy
 Ok
 Or 13 dekhe jv me"
25-29,female ,student,16 year,Married,"Mod is usually diff from real game,What’s this man ?
 This man is me
??
Who is trying very hars to learn German
 Ayoooo German ????
 Big Bro*
 Sehr buder
 Mean big bro
 Chinese ???? and German ???? speaking,writing k sa difference eshta
Hhh 
Huge difference day
 German kho same as English day
English alphabets d
 Aw yaw so poi extra d
 khaa khaa
 sahi Da boss
 MashAllah big brother
 Where did u find it
 Hhh
 From there
 Hhhh"
25-29,female ,student,16 year,Married,"Male bhi he group me,[8 15 pm, 09/05/2024] Muhammad Rehan  Presentation to aysy banaai hy meny bs ab Woh pictures chaaiy K code result kiyaa daal rhaa hy bs esi liy agr aap zra run kar k Screenshots send kardo bro
[8 16 pm, 09/05/2024] Muhammad Rehan  Gg hy Ok Thanks
[8 17 pm, 09/05/2024] Abdul hadi Uni  send kaor
[8 19 pm, 09/05/2024] Abdul hadi Uni  ma 9 bjy tak message karta hu
[8 21 pm, 09/05/2024] Muhammad Rehan  Theek hy JazaakAllah
[10 18 pm, 09/05/2024] Abdul hadi Uni  Home page
[10 18 pm, 09/05/2024] Abdul hadi Uni  price page
[10 18 pm, 09/05/2024] Abdul hadi Uni  courier page
[10 19 pm, 09/05/2024] Abdul hadi Uni  record page
[10 19 pm, 09/05/2024] Abdul hadi Uni  profile page
[10 19 pm, 09/05/2024] Abdul hadi Uni  contact page
[10 20 pm, 09/05/2024] Abdul hadi Uni  admin login page
[10 21 pm, 09/05/2024] Abdul hadi Uni  filhal ye dal lo baki jb ma kal awonga to hojaye ga
[10 33 pm, 09/05/2024] Muhammad Rehan  JazaakAllah
[10 34 pm, 09/05/2024] Muhammad Rehan  Ye admin log in may mera name nahi daal dyty
[10 34 pm, 09/05/2024] Muhammad Rehan  ????
[10 34 pm, 09/05/2024] Abdul hadi Uni  kha py
[10 35 pm, 09/05/2024] Muhammad Rehan  In this e-mail section 
rehansaqib.getz@gmail.com
[10 36 pm, 09/05/2024] Muhammad Rehan  Great ye bhi perfect hy
[10 36 pm, 09/05/2024] Abdul hadi Uni  ma ne remove kar di ha
[10 36 pm, 09/05/2024] Muhammad Rehan  Bilkul Theek hy Sir
[10 36 pm, 09/05/2024] Abdul hadi Uni  is keley pehly code kolna pary ga
[10 37 pm, 09/05/2024] Muhammad Rehan  Hn ye to hy Chalo in sha Allah 
Kal morning ?? may mulaqaat hoti Hy
 Thank u for this
ma 9 tak awonga
 Hadi 1 last baat poochni thi
 bolo
ye log in page customer k liy hynaa uska apna account ka access ya nahi
ha customer keley
Right Thank u
[12 46 pm, 12/05/2024] Muhammad Rehan  Assalam o alikum Hadi are u there
[12 48 pm, 12/05/2024] Muhammad Rehan  ye 1 project uthaaya hy sab kuch kar liya hy database bhi add kar liy lakin finally ye phir bhi main project show nahi kar rahaa kiya wajah ho sakti hy
[12 49 pm, 12/05/2024] Muhammad Rehan  localhost/project (ye bataa rahaa hy files open kio nahi ho rahaa hoga bro)
[2 47 pm, 12/05/2024] Abdul hadi Uni  is trah pata nhi chalta dekna pary ga
[3 02 pm, 12/05/2024] Muhammad Rehan  Chalo
May Upload kar lyta hu Aapko bhi 1 file bhej dyta hu Dekho aapky paas Run hota hy k nahi 
Thanks ??
[3 03 pm, 12/05/2024] Abdul hadi Uni  agar na b run hota ha khar ha upload kar do"
15-19,female ,Student dental technologist,16 year ,Single ," Free ho
Ho na wai me larki hu
Bat batani hai ek
 Haan
 1st sem me physiology me mere 25 thy huma
Jo deserve nhi krty unko full diye hai ajeeb
Okay Uni me bana lungi mere sath beth jana
 Kaha pr hai
Nhi hai waha?
 Anatomy ki ma'am ka number send kro
Ya mere msgs forward krdo
Me?
 Jiya se bat nhi howi tmhari?
 Acha me Ghar agai hu tabyt kharab thi aj presentation ready kr k ai thi but nhi kr pai
 Tm number de do ma'am ka me khud bat krti hu Meri taraf se
Phr khud bat krlo
Mene nhi ki decline
Jiya sb Bata degi
SorryğŸ™‚. Yr to Meri taraf se bol lo naaa
Bol do marwa ne Kiya hai
Ab me msg me Kya type kru demagh nhi kaam kr rha
Aj Howa presentation
Pata nhi Kya ho rha haii
Ghar Chali gai
 Tm
Class nhi hai
Achaa
 Hn Sahi h"
25-29,female,Dentist ,18 year,Single ,"Wednesday ko krna hi...
 inform your all group members
 no
 aj Thursday hi
 Wednesday ko ktni din hi?
weekend bhi hi
 han ho jiiege agar ni hoe tub Thursday ko bhi hi class
group leader sara summarize krrga...or members apna portion
be prepared   
w salam ok"
20-24,male,Student of cs,16 year ,Single ,"Kiski
 Choro tum kar nhi skti to faida
 Jaisa bhi ha muahkil wakt ma sath khra rhta ha
 Ok aunty g
Huma
 Pta nhi lgta
Mera
4 bja bhi hu skta ha 5 bja bhi hu skta ha
 Msg kruga agr gya to
 A jao
A gya"
25-29,female ,Teacher,18 year,Married ,"Hasnat ghar pe hai?
 Ok
 Kuch nhi bakery tk jana tha
 Wo sabaq k liye gyi hui hai
 Haan UMMUL BAIZAH lo le k jaana tha
 Jo charts chahye or color paper bta do phir
Darwaza kholo
 Aap log kal bazar jaate ho to chale jao
 Hamara pta nhi chalta
 Kyun
Main to nhi gyi thi
 Sirf bache gye the
 Bache bht ro rhe the k le k jaye papa
Tbi le k gya hai
Han
Pta ni
Jab dil hua
Azaan k paper shuru hain
Tuition wale aane lge hain
Iss month to bilkul b free nhi hoon
 Haan
 Uss k paas hai apni
 Tum uni jaati ho use kiya karo
Kuch nhi hota marhi
Achi hai"
25-29,female ,Psychiatrist ,18 year,Single ," Tere easypaisa me 2000 aarhe acha
 Meri dost k hyn
 Happy birthday peechy ....may u have many many moreğŸ¥¹ many many happy returns of the day
Zainy se le lena hÃ ndfree
Baaji tmhri kesi classes hyn k do mnt phone nhi dkh skti
 Handfree le k ni aii tu ghr b nhi anağŸ™‚
 Manana
 Uni hi hy
 Nmz ki tyri
Dfa
 Acha
 Gul te zaar
Abhi mehmnn hyn thori dair me krti
 Kia?
 Me baahir thi safaii kr rhi thi
 Domicile?
 Tu ghrpe nhi kr sktii
 Roz khti hon
Mene kha tha thoos lo
Tu password tu PTA h krliya kro na"
20-24,male,BBA,16 year ,Single ," Sir apke pass easy paise me paise hnge?
 100 . 50 b nhi ha?
 Ok pr unka num mre pass nhi h
Rehne do
 Bhn
Zra me ig pr follow krna
Plz
 Shukria ğŸ’Œ"
15-19,female ,Student dental technologist ,16 year ,Single ," Free ho
 Ho na wai me larki hu
 Bat batani hai ek
Haan
1st sem me physiology me mere 25 thy huma
Jo deserve nhi krty unko full diye hai ajeeb
 Okay
 Uni me bana lungi mere sath beth jana
Kaha pr hai
 Nhi hai waha?
 Anatomy ki ma'am ka number send kro
 Ya mere msgs forward krdo
 Me?
Jiya se bat nhi howi tmhari?
Acha me Ghar agai hu tabyt kharab thi aj presentation ready kr k ai thi but nhi kr pai
 Tm number de do ma'am ka me khud bat krti hu
 Meri taraf se
Phr khud bat krlo
 Mene nhi ki decline
Jiya sb Bata degi
SorryğŸ™‚
 Yr to Meri taraf se bol lo naaa
Bol do marwa ne Kiya hai
 Ab me msg me Kya type kru demagh nhi kaam kr rha
Aj Howa presentation
 Pata nhi Kya ho rha haii
Ghar Chali gai
Tm
 Class nhi hai
 Achaa
Hn Sahi h"
20-24,female,Student of Software engineer,16 year ,Single ," Walaikumsalam
Alhumdulilah aap sunain
 Studies kaisi jaa rahi hain aapki
 Hmm ok
Good
Next week full papers hai
Kab hai farewell
Ok ok
 Uske baad hoga toh I can agree
Timing?
 20 se papers hain
Give me some time to think and I will let you know cause I have papers too
Will they arrange an iphone for me to take pictures?
Tomorrow I will let you know INSHALLAH
 Good.
A.slam k. Hai
 Batminton k liya fir bataya ga
Mein 12 k bad free ho gy
Jee
 Mein toh badminton nahin layi..
 Yahi university kheriyat?
 Acha...
 Kab
Axha kaha hai"
20-24,female,Housewife ,16 year ,Married ," Is ma name wagara numbera wagara put nhi karna
 Axha
 Thanks
Ok
 Marwa ma kal suba ahon gi na baba k sath uni to ma tumha assignment da don gi wo zara submit kar dana mari mama hospital ma h kal rat se to ma un k sath hon suba he ahon gi thk h
 Plz ya kam kar dana bs
Kehta h SSO se likhwa kar lao phr chora ga
10 baja gai thi
Nhi chorta
 Ma to rasta ma hon ghr ja rhi hon
 Yr signal nhi hota nichy basement ma
 Huma uni ma he h
 Kya pta uni ma he h
Or 3 ganta ki class h
Kehti h yd kro
 Kahan per ho tum log
 1 baja mam attendence la gi
 Kya kr rhy ho
 Acha
 Uder
 Wo mana medical la kar ana h kal
Marwa lms per application kahan likhta h
humari classes start h kya
 salam kasi ho
 To lms per kasa or kahan per likhta h application
us ki waja se sari gpa kharab h
 biochemistry
 attendance ki wja seğŸ¥º
sirf 2 percent kam thi
 hm summer ma don gi
2.22
 ab thk hon
 operation huwa h
ameen"
15-19,female,Student dental technologist ,16 year ,Single ," Hello
 Maraaa khu no bas ab kia karein
 Pukhto ke khandan mein
 Narazi kana
Tonahi jaun ge
 Marwa zara wo kaam bhejo jo huma ne karwaya hae
 Mein cafetariq ke pass bethi hun
Naiii maraa thaki hui hun
 Kahan ho cafetaria mein hun mein
 Table tannis ke saath
Kahan ho
 Mujhe to nahi nazar aa rhai
 De dena
Acha jab mein us taraf aane lagi to
Bas
 Ooe zara physiology ke slides send karo
 Koi bhi nahi send kar raha
 Shukriaaaa"
20-24,female ,Student dental technologist ,16 year ,Single ," Assalamualaikum
 Biochemistry ki makeup class ha
G1 khn ha
A gi mam
Jb anatomy ki mam clss m Ayn gi to mjy bta dna
 Acha wsy clss ha na
 Acha sai ha
 KSI ho
Eid Ki chutiyn kB Tk hn
 Mjy koi notification nhi Aya ha ab tk
Alhamdulillah
 Shi ha
 KL anatomy Ki presentation ha K nhi
Thank U
"
20-24,male,Student of nursing ,16 year ,Single ," Ghr pr hoo
 hamara nail cutter kaha hai
 Konsi table prr minions
 App farigh ho k nai
Aur Noor ul ain gai k nai
Ok theek hai
 2 30 se 4 tak meri class hai
Ek sth chle jaye gee
Ok"
20-24,male,Student dental technologist ,16 year ,Single ," wo A L T and ALP Wala slide send ka
 Reply doona
 Ya reply q nahi kar ty
 Thanks ğŸ‘
 Layken abee need ara ha hy
Class ke gm nahee hay bs wasyy study kar rahaa ta
 Bs may abee ready for sleep
 Good night
Huma ALP or behavioral science Wala slide send kar dy zara
Acha Tek hay
 May ny  present keya hay
 next make up class may attendance mark karooo
Maraor maaz ka"
20-24,male,Software Engineer,16 year ,Single ," Kaha hai
 App batie
 Lab 1
 Ayee idar tora
 Kia kar rahi hy
 So rahi ho
 ?
 May cafe
 Abbi to class be hy
 App female side pay hay
 Haha ğŸ˜‚ wai
 Jo be ğŸ¤·
12 hy na
 4 tak
 Jhoot bol rahy abbi class hy
 Inho nay nahi kiya
 Yay class nahi lay rahy hum
 Han boht badrnag ho
 Q batameez itna acha larka
 Haha nahi ğŸ˜‚
Rest karay
 May room may hon
Kanay ki party hy
Shai hans hans kay pagal ho gyie
 Lagay howay 1 dosray kay baray may
Mujay kuch nahi kahta
 Haha nahi meri respct krty omray say aya hon
 Face say boht masoom ho
 But bato say nahiğŸ˜‚
Kidr ghoom ho
 Acha to soyie nahi
Haha nahi nahi tora bexat kr deti hy"
20-24,female ,Student dental technologist ,16 year ,Single ,"Tum free ho
Acha Meri class ho rahi ho
 Mai akaili hon koi bhi nahi hai
 Tum class mai ho
 Jab free hojawoo to message kardena
 Zara jaldi awaoo na
 ??
 4 min hogai hain
 Apni handfree aur mobile do mai ganai sun lon gi tum itna baatein karo
 Meri mobile power off honai wali hai
??
 Ok bus choroo
 Handfree dai doo ğŸ¤ğŸ˜“
 Tumharai class jab khatam hojai to tab mujhai charger laa kar cafeteria mai dai doo
 Female area mai
 Mera mobile power off honai wala hai
 Class kai liyai jana hai ya nahi ğŸ˜’
Acha to ai ki class nahi leni kya
 Kab chorein gai sir
 Ok female area ajaaa
 Class start hai
 New mam ayi hai
 Oye handfree hai kya
To kya hai tumharai pas
 Wo tumharai cheez hai tum hi khaoo mujhai dusron ki cheezain nahi pasand
Gari papa lai kar gai huwai hain
 Bas choro papa ghar agai hain
 Jaa mara
 Bas chori
Hasnat ghussa karai ga"
20-24,male,Gymer / student of ACCA,16 year ,Single ," Acha sir
 Phy maths urdu English ha baaqi nhi ha
 Kis ko?
 Ok
 Naaaaai
 am sorry me raste me rukta mhi
Me gari me jata ho nhi laa salta
 Q
 Sakta
 Ja ywrr kam kr mre paas ina time nhi ha
 Ni hosakta
 ğŸ˜‚ğŸ˜‚ğŸ˜‚
 Tang na kr
 Sir"
15-19,male,Medical student ,12 year ,Single ," Sir Aya ha security fee lae lo
 Kya howa
 Sir Shahid Anwar
 Security fee nahi lani
 Wo tumhra nam lae raha tha
 Wo kahta Jo sheikh wo aye
 Apko bonus b dae gq
Acha
 Agya bus aik mint
 Hi
Room kalae
Dood ka bandabast karo
 Sarmad
 Tumhrae pas khatam ho gae
Acha
Raat ko active karo kae abhi
 Security fee mili
 Mara wo kaha raha kae thori taklif bar dardash kare zayda pase do ga 50000
 Shahid Anwar
 Zayada dae ga app ko
 Tumae nahi chayie
Aur skills b skhai ga
Skills
 Ro ta mat
 App itnae hobaorat hain ASI liye
 Hobsorat
 Chalo acha
 Thanks jani
 Pak aur afg
Toss kon jitha ya batwoo
Acha"
40++,male,C&W supervisor,14 year,Married ," Praying for ur good health and succesful future with so many hapiness
 Ok fine
 Coming back to hotel after prayer
Thanks a lot my dear"
15-19,female ,Medical student ,12 year,Single ,"Assalamualaikum ma mehk hu
 Thik
 Mujhy mutala e Quran ky notes bhej do
 Oar num save kr lo
 Plz test bhej do
 Surah hadid oar surah mujadila
Ok
Okay thanks
 Sach?
 Kl chuti ha?
 Eid MubarakğŸ¥°â™¥ï¸
Acha"
15-19,female ,Medical student ,12 year,Single ," G
 Bs yr aik problem hogai thi is liye
Mera sabse dil hi bhar Gaya hy is liye number kisi ko ni diya or ye meri mama ka number hy
 Tmhy ye number kaha se mila ???
 Bs me kisi ko yad ni thi jab mjhe zarurat thi is liye mene sab se contact karna hi chor diya
 ???
Yr to mene kya kaha hy
 Batao na
 Tm bat ko choro ye batao number kisne diya hy
 Kya kaha ?
Batao na number kisne diya yr mere sath tension hy plz batao
 Mene usse number ka pucha hy acha g
 Kisne diya hy
 Ye new number hy
Batao plz
 Mene bola k number mama ka hy to hy na but new number hy mera wala off hy
Han pr new hy na
 Tm Umaima ni ho I think
 Yr pehle se bht tension me hn bata do
 Plz tell me kisne diya ye number
Student"
15-19,female ,Medical student ,12 year,Single ," Hello
 Fine
 Kaise ho?
 Kal to paper hyğŸ¤£
 Ma bi teek hoğŸ¥°
 Pak study yad karo
 MashaAllah bs revision kr rahi ho
 Tum daay rahi ho exam?
 Ma bi nahi
 Hahahha
 Yup
 ğŸ¤£ğŸ¤£
 Function 2 date ko ha
 Aw aw
 EnjoyğŸ˜…ğŸ¤£
 Pta nahi"
20-24,female ,Radiologist ,16 year ,Single ," Thank you so much sweetheart
 Ki ha kia call us ny
 Mjy waisy b pata chal hi jaye ga ghr ja k
 Kia bt ha
 Kapro ka pochna ha kia tum ny
 Ha q nii
 Mai city mai hu
 Kapro k elawa or kia bt ho ge tum logo ku
 Call ki ha kia dani ny
 20 mint tk
 Mai ghr ja k msg krti hu
Tum ati ho kia
 Kis bary mai
 Ati nii ho hamary ghr
 Nalayak insan
Kia bt ha bhn
 Thank u
 Tobaaa"
40++,male,Teacher ,18 year,Married ," W. Assalam, Ap chapter 3 me se jitna ziada ho saky, yad kar len.
 Bjo, Yad to karna hi hy na, aagy chutiqn thori reh gai hen. Parhai ziada kar do, double se b ziada and chapter 2 and 3 me se jo yad hua, oska test hoga
 2+3 i.e 3 ka more than 50% part
 Ye hui na Gud Gurl wali baat.
 Okay as much as U can....
 Stay Blessed beta
 Shumaim se kahen k ISLAMIC EDUCATION ki book kal complete yad kary. Thanks
 Stay Blessed beta, gratitude ğŸ™
 Full course 9th...
 Beta, Huzaifa na message parh raha hy na call attend kar raha hy to Apko forward kar dia.
 Salam Beta, Me abhi motorway pe hun near Mardan. IN SHA ALLAH KAREEM 8 15 tak parhany ajaunga. Thanks"
40++,female ,Business woman ,16 year ,Married ," Wsalamm
 Niii.itni zyada b ni..
 Mobile Saim k qabzy me ..abi Lya zbrdsti
 G ..r ap konsa yad frmati Hain .ğŸ˜‚
 Nfeesa k c hai
 R ajwa Abdullah sshumsyem
Dill wali baat
 Chal maan lety Hain...
 Ya aftari k baad ao ap sb ..mama baba k Sath
G ana q ni. Rozana aati hon apki Ami se dill ki batein share krti hon ..apko kia pta...
 Nfeesa se kaho k aye na ..waisy b roza hai din ko to Kam ni hota gp.shp.lga lengy
 Dill se aati hoti hon..Rohani Tor p...jismani p ni
 Pedayeshi hon ..
 Pta ni q. .but aisa hota hai .
 Inshallah...
 Apna aap bura lgta hai ab...
 Khen aaty jaty  hovy. .adhora sa feel.hota hai. .r sharm.b aati hai.
 Apki Ami se to me hr waqt batein krti hon qasam se ...whi to Meri best friend hain.
 K log kia lgengy
 12 bj gy
Ayengy inshallah..
 Bathee ni hove .ab borhee ho gae hon.ğŸ˜¥
 Good night.  Allah Hafiz. .beta koi baat buri lge ho to mazrt"
15-19,female ,Medical student ,12 year,Single ," Oh ha ğŸ˜‚ Zara pahlay msg kar leithi na
 Pata hai sab he Puch rahay thay kon hai
 Mai kiya bolti
 Pata lagaya karo na
 Bs thek
 Tum do ge papers
 Acha
 G
 Akelay
 Ha na mare maaaa yaad ati hai tumhare ğŸ˜‚
 Phir kiya
 tom Jani I really miss you â™¥ï¸â™¥ï¸â™¥ï¸
 Sai hai ğŸ˜‰
 Acha ğŸ™„
 Kanjoos tom Tumne b mujhe nahi diya acha Mai khafa hu
 Konsa gift madam Tumne mujhe diya tha
 Mai b toh Ghar mai hu or papers hai shopping pe nahi ja sakti
 Acha
Mai b candies de du ge
 Okay........"
25-29,female ,Teacher,18 year,Single ," Han PTA hy PTA mere ko Mt sikhao
Madam paise le k ao
 Mere ps the ...
 Wo delivery wale ko dene hyn
 Mere ps b nhi hyn
Mene subha papa ko de diye the
 Tmhre ps kb hue faqeerni
 Mene subha papa ko de diye...unko chahiye the
 Fzool khrchii krti ho
 Aaj chahiye
 Usne call ki h
 Noori apne paise subha de gyi thi mujhe
Unhon ne b Kisi ko diye hue
 Le aa
 Ghr jame shireeen ya rooh afza h
 Suno
 Humri khtm h
 Zra laa do tu
 Han tabeer alishba aye hyn
 Tnx
 Mene papa ko msg kiya hua h
 Humri khtm h
 Alaa"
15-19,female ,Arts student,12 year,Single ,"w salam
 alhamdullilah thek ap sunaye
 hi
 ab tu ho gaii ho gi
 hai bilkol kamzor si thi
 papers ki tayari  kasii jarahi hai
 aur ma tu tumhary opposite ğŸ˜‚
 hnm sahi yaad hai kitni kamzor thi tum
 sahi moti ho gaii ho yar
 picture thi us ma itni moti nai lag rahi  ho gi
 aur zara one view py apni send karo pakiza ny tumhari pic mujy nai bataiiğŸ˜¶ğŸ¥º
 I know you are the best friends
 wahii cheeze ho bas thora sa face change howa hai
 ameen
 jab ap ny msg kia tha tu Ø·Ø¨ÛŒ sy ma soch rahi k baat karo
 pakiza itni friends nai banati surf 1 ya 2
 bura lagy bhi tu koii  tension naii ğŸ˜‚ğŸ«¡
 banati hai
 urdu
 tum tu ziyada change nahi howe"
15-19,female ,Medical student ,12 year,Single ," Kaise hu......
 Mama baba sab kaisy hay
 Kaise hay app gggggg
 Shukr hay tek tak
 May b bs tekkk
 Study kaise ja rahi hay
 Same yaaarrr mujy to wo saray exam walay din yad arahay hay
 Bs abb dowa k ilawa kuch ni bacha mere jan haha
 Pef ka hall b pata ni... bechly saal jaisa hoga b ya ni
 Hahah bs ab agaye ho
 Haha daro math.... mere jaise  frnd dond lo... per exam tek hi hoga haha
 Bs tum dowa karna
 Yar meray leyay
 Tyare to zero hay but hall  acha ho
 Ameen"
15-19,female ,Medical student ,12 year ,Single ," Acha ??
Shukr hai Allah ka ğŸ¤²ğŸ¥°
 Send karo zara
 Nahi na
 Acha janab ğŸ¤­ğŸ¤­ğŸ¤­ tu batayen Kiya kar sakte hai hum ap ke liye. Huqam janab e aaliğŸ˜ŠğŸ˜ŠğŸ¤­ğŸ¥°
 Acha send karo
 Sirf 5 ghanty ke liye ya phir ziyada ğŸ¥¹ğŸ¥°ğŸ˜Š
 Ok Agar Allah ne chaha tu zaror my dear ğŸ¥¹ğŸ¥ºğŸ™ğŸ¥°ğŸ˜Š
Jab bhi koi bhi function Huwa main tumhain or tumhari family invite karongi zaror ana phir
 Acha Aik wada karo jab bhi main tumhain apni family ke Kisi bhi function mai invite karongi Tumhain ana pardhe ga ..... Bolo manzoor hai â“â“
 Yes yes u are right
 Is it true My dearğŸ¥°
 Acha Sono januğŸ¤­ğŸ¥° it's conform ????ğŸ˜ŠğŸ‘
 Kyun ke Milne SE  or bhi ziyada mohabbat bhardti hai ğŸ˜Š"
20-24,male,CS student ,16 year ,Single ," Nahi hai time bhai khudi dekh
 Dono diye Hain andhe
 Tera toh chota hai
 Baad mein krta but han 2.5 hai
 Same here
 Mar ja ab
 Chill mar
 Mera bhi kam hai
 Oh ja yara
 Ustad class mein hai tu?
 Koi baat nhi jab Dil kre discord pe de jaya kr Gali ğŸ˜‚
 Sorry yaar disturb kiya
 Ustad
 Ustad attendance laga de agar mere aane tak shuru ho to
 Aur Zaid ko keh ke Python daal le Microsoft Store se agay mein kra dun ga
 Okas"
20-24,female ,Doctor of pharmacy ,16 year ,Single ," Haha haa laiq to hai wo pata haii
 Mene wese hee poocha tha Batana mata osko
 Kidhar ho
1 30 tak classes hai
Tori derr Baad aati ho
 Tum akele ho
 Oper ajaao na hamare department
 Phir Saath me jaate hai odhar
Oh Tum ne Kya Baat krni thi
??
 Nahii
 Abhii bataoo
 Khaas nahi hai to batao na phir Kal me free nhi ho
 Kyaaaaaaaaaaaa
 ğŸ˜©ğŸ˜‚
 Tum kis ki BAAT karrahi ho
 Or to me jhaanti bhii nahii hoo ke Kon haii or kis ki BAAT karrha hai
 Saii Kamine frnds hote haii na ğŸ˜©
 Jiii bilkull
 Shutttuupp ğŸ˜©ğŸ˜‚
 Yesss ğŸ˜šğŸ‘ğŸ˜‚"
25-29,female ,Organic Chemist,18 year,Married ,"Acha
 Baar Baar hang ho rhi hai
 Main idhar aayi hui hoon
Farhad mamoo
 Kal le aaye ga khud
 Sahi
 Mera mobile ummul baizah k paas tha
 Haan pta hai
 Acha
 Maine kuch kaha tha
 Or wahan mobile allowed nhi hai
 Mere paas toote nhi the
 Ummul baizah k papa se ke dena
 Main school mein hoti hoon
 Chalo theek hai phir"
15-19,female ,Medical student ,12 year,Single ,"Nahi hai re
 Abhi
 Aap k liye khass notice aya hai
 Pehle Bata deti nq
 Tum ne dhoka de diya sanam
 Itni jaldi aa bhi Gai
Likin use hogaye Kal he
 Paisy the mrs
 Chalo kab tak chahiye?
 Baba ajayein
 Ya abhi laun?
 Theek hai?
Chal theek hai zyada demagh mat Kha 5 baje tak le aati hu
 Chahiye?
 G
 Me ?? ğŸ˜¨ğŸ˜°ğŸ˜’ğŸ˜’
 ğŸ˜’ğŸ˜’
 Acha bss kahaniyan na sunao.. larahi hu"
20-24,male,Civil Engineer ,16 year ,Single ," Gate ke yaraf aoo bss
Bill ne jammaa
 Taraf
 Kiaaa
 Kuxh smjhaya hai osko
 For what
 Kiss k sath
 Hujray me kisse ny koi bat ne ke aiseee
 Sath jatii naaa
 Tm jati naa
 Khalee bss mashrooti atee haii
 Hn
 Woo kuxh olta polta bol aye k hujray me batte hoti hai tbhi me rishta lay aiii
 Shami banaye thy
 Or kia
 Mera tah naa
 To sae hai naa
 Ok
 Hud zara sae bat krnaa ğŸ˜‚
 Yeh shanza ko ami nay kaaha k pooch k aoo k deti ho k naee
 Copy table pr parhe hai
8 yeh hai kr 2 or
ğŸ˜‚
 Last date hai
 Parso tak ho jy gay"
30-34,female ,Teacher,18 year,Single ," Ek simple sa dress hae ptm k leye
 Yr achank se event nikl aya
 En emojis ka matlab kya us waqt my ny dekhy samajh nae aye ğŸ˜‚
 Thankyouuu â¤ï¸
 Chand raat par ayen gy ajkal safayon my busy itny thaky hoty es waqt himat nae hoti
 Hemlo jee
 InshaAllah â¤ï¸
 Naice chilling ğŸ˜‚
 Thanks for such an early confirmation ğŸ˜‚
 Hey
 Received the straightener?
 And thanks for the straightner â¤ï¸
 Ye kyun ğŸ¥ºğŸ¥ºğŸ¥º
 Yehi hai na ğŸ¥º
Ab kya kary banda ğŸ¥º
 Konsy chal rahy?
 Yar wo to ho jaye ga lekin ab ye to bara serious masla hai ğŸ¥º
Log agy jaty hain hmara mulk pechay jata ja rahağŸ¥²ğŸ¥²
 Thankyou btw â¤ï¸
 Matlab koi emergency waghera my call karni ho tab kya kary banda
 Bas dua k Allah es mulk sy nikalen ğŸ¥º
ğŸ˜‚ Mara bs saaf hs na ghr kia zaroorat ha ğŸ˜© ğŸ˜‚ dobara krny kii"
20-24,female ,Student of organic chemistry ,16 year ,Single ," Nhi yar mei ny wish krna tha lakin mery zehn sy nikal gya tha
 Ap logo k ghar purany newspaper hai
 Oh mera phone kamry mei tha awaz nhi ay sorry
 Daraz mei dalny hai
 Kam k waqt phone na uthaya kro
Okay acha abhi nhi ay bazar sy
 Mara number nhi hai
 Okay good aa jana
 Ok most welcome
Tum toh nhi ay ??
Bara keh rahi thi k aaow gi
 Okay
 Han na aa jaow gup shup laga len gy
 Itna time laga dia hai inho ny ?
 Ami ay hai tumhari ghar k nhi ??
 Han na bht zyada time laga dia hai
 Han na peshawar.wi toh sahi aag lagao hai parlour walo ny
 Wallah
Acha g
 Tum logo ka aj 2 roza hai ???
Bs booking done kro ğŸ˜‚
 Han na
Han mei thora sa use kr k baki bhejwa dun gi
 Hamara aj first hai
 Hum government k sath chalty hai ğŸ˜‚
Thanks"
20-24,male,Software Engineer,16 year ,Single ,"Eid Mubarak ğŸŒº
 Jani assignment ki ?
 Just lab ki assignment hy na ?
 Lab ki
 Salam
 Bs ek hi upload ki na tmny ?
 Jani aagae ho ?
 Acha lab ki krdo send
 Oh ma sha Allah â™¥ï¸â™¥ï¸â™¥ï¸
 Kidr ho apny ghr ya nani k"
20-24,male,Software Engineer,16 year ,Single ," crc etc jo teen sawal hain send kr
 Meri taraf aa niyaz ke lia
 Assignment send ka
 To kr na
 mujhe bhi bhej phr
 Kon kon se question hain kl ke lia
 Us pic ki samjh ni arahi
 Hamza
 Mra attendance wali hy
professional bhej na
time kam hy
Yay 1 ki hyğŸ˜‚"
20-24,male,Student ,16 year,Single,"Elaka,zama da kar  d sa okra,aw kna,bas preda e,da wena,bal me saz ko,Khan Akhtar de Mubarak sha,hhhhhhhhhh,Sta de Mubarak sha"
20-24,female,Student ,16 year,Single,"Aoa bhai,Bhai pesi send kol de taso ba send kai,Za ba clg ki la wrkm bia,Kha tek da,Ze Che kala Dukan ta larshm bia ba wrta okm,Sahi da bia mta msg okai za ba drta nmbr send km"
30-34,male,Student ,16 year,Married ,"Saylani Mass IT Training Program Peshawar,Get Ready for Your Entrance Exam,Sunday, December 17th, 2023, at 10 00 AM, Please be present atQayoom Stadium, Main"
25-29,male,Student ,16 year,Single,"Kindly ensure you bring the following items,Admit Card"
30-34,female,Teacher ,16 year ,Single,"Excuse me,Taso zama yo apply kri wa USAID wala da parlour dapara,aso lag aghi sara contact koli shy che selection list darta send ki che Maryam name bandi Selection shvi de kana,Da contact number rata us milo sho Monday bandi ba warsara lag contact oky taso between 9am to 5pm ki,Taso zama USAID apply kri wa agha ba taso sara us Agha record prot wezama yo screenshot pakar de agha saman wala list na che km tado tick lagoli o,De ta apply kol de,Cooking aw security pkg m de,De 3 ta apply okaa,Zama baba dapara"
15-19,male,Student ,16 year,Single,"Dukan k,Laga CV rata pdf ke snd ka professional shta dsara,Sa time ba raxe,Deke ba lag changes kao,Deke ba da dit Wala change ke,Aghe paze ba commerce college wala wacho tk da,Zamung sa o DIT wala,O daba pake add ke,2 year experience pake rawala medical experience,O CNA ba pake continue oleke"
15-19,male,Student ,16 year,Single,"Jazak ALLAH Khair Jan ğŸ’“,Salamoona zwia,Senga ye jni â¤ï¸,Tapos naky Da gharib sari khaza oghama,Mazey na Gasey d or zma p sar di hhh,Mara bs hall da wilo nadi yar,Mara bs Saba k,Ok jni,Zwia kor ye ka dukan k ka uni,Za ok da zwia,Khiar d jni sa nashta,O Jani sa time ba razy .zakhu filhal kg bal ze yama,Yara zwia 6 sa rapasa 6 ba free yama"
15-19,male,Student ,12 year,Single,"Lag on ka,Okhaya Che JV dai ka non pta,So GB dai ?,Health ye somna dai ?,kha,50 pori Kha dai,Ok da khan,Mara bas tha agha oraz zrh tha acholi da os de mata bahani shoro kari ğŸ¥º,Qassssam dai Jani tata ka za khapala majbori owam tha ba biya hom Ona mani ğŸ¥º,Hamza tha call oka wai tapose te lag oka,Mara nan pakar de ğŸ¥º,Werta Waya sa chal oka,Wai deeeer zarooor pakar dai werta Waya da de topak licance dai da mung zan sa ra garzau,Nu Zaka da zarooor pakar Ä‘i os shata na paki bekhe,Jani nu werta owaya kana wai Che plar de raze agha tha Waya Che zan sa ra rawala ğŸ¥º,Mara ğŸ¤¦ğŸ»â€â™‚ï¸ğŸ˜­,Sae da bas ğŸ¥²"
20-24,male,Student,16 year,Single,"kon,Acha zeeshan how are u,thank u,it contain mid,include 4 or leave 4 and start from 5,ok,message to this number,how are u?,our class mate,who is ihsan,he tell u,okay thanks,who is it,salam,how are u,send me chinese scholarship link,Wasalam,Ameer Hamza,114"
20-24,male,Student,16 year,Single,"Walikumsalam,Which one address,a guy want,okay,wait,khan g,he is geniune,Done,voice have problem from your side,what are u telling,Done boss,this is the mileage,wait i gave u his number,okay donot be upsite,i donot understand,why saqlain delate your photo,salam,gave him ring road,hear me,who?,what are u telling,okay, its a okay, i will do it, walikumsalam, he is on the way, ignore it, okay call me later, he is my friend, how are u, u are so far,ignore it he is so clever, call me, i donot have his contact number, "
40++,male,Accountant,18 year,Married,"Yes,
No,
Good car,
Send me customer,
What price we advertise,
Ok,
Sell it,
Send him,
I will call u in 10 min,
Wait,
Uncle did not pic up the call i will ask the latest update,
Ok i will speak to uncle,Yes,
Available,
No,
Tell him check on gumtree,
Autotrader,
Its 10000Â£,
M going bk next monday,
Corsa is available,
Plz sell that,
Nissan note black available,
BMW available,
I find out,
Available,
Sell it,
I need to take,
Yes,
I just deleate them i will put it on again,
No all available,"
35-39,male,Dealer,16 year,Married,"Ok give him,my number,his a scammer,Tell him come,Okay,leave him,i heard this dialogue before as well,My leg is broken,Okay,i donot know,cheap insurance,20 road tax for one year,pay deposit,okay,tell him call me before he comes to me,some one want to come at 7pm,Not really,No,okay,i sold yhe red peugeot auto just now,No idea,the old owner has done,send them this,let wait for the logbook to come,Yeah this morning,whoz coming,okay, i am at work tomorrow,to tell them come,who is it,this guy is not serious in buying"
35-39,male,Driver,10 year,Married,"kon,Acha zeeshan how are u,thank u,it contain mid,include 4 or leave 4 and start from 5,ok,message to this number,how are u?,our class mate,who is ihsan,he tell u,okay thanks,who is it,salam,how are u,send me chinese scholarship link,Wasalam,Ameer Hamza,114"
25-29,male,Student,16 year,Single,"Not too bad, just been keeping busy with work. How about you?,Definitely! So, any exciting plans for the weekend?	, I'm thinking of heading out for a hike if the weather holds up. Need to get some fresh air and clear my mind.,Yeah, it's important to get outside every now and then, especially with how hectic things can get., Will do! Take care, and have a good weekend."
30-34,male,Driver,12 year,Single," Ok
Do u have something else for sale
 I m looking. For manual
What u have in a small car plz
Hyundai was cat as well
Ok
I m looking for a clean car no car for my insurance
Thanks anyways
Bhai I need a car but no cat
For my insurance
Do u have anything little younger car like 2015 or so
If so let me know thanks
2015
Or so
Yes
What u got
I need manual"
40++,male,Engineer,16 year,Married,"Okay,
Yes mate
Do you have any
Automatic
308?
1000 se 2000
Toyota Prius
Send me details mate
How much price and location for that
how we can see
Well
Search for me a Toyota Prius mate if possible
Okay
How we can see
Is there any prob or issue
Okay sure
Will wait for you
Well.the final price
Mate and this Sunday can we see
Adress and post code
This is your showroom
Well copied mate
Will let you know before coming
Sure mate
hello mate I was at shift all day
It was urgent shift
Will co-ordinate in leisure time
Good morning mate.
Yes I m.Schedule is too busy let me get some time
Hello mate .
Sorry for late reply yes I m intrested in any reasonable hybrid car
If you have any option plz let me know
Or send me the pics
I m in Chelmsford"
20-24,male,Student,16 year,Single,"Hy brother
How are you
I just found your contact details from fb
I am good
Actually I am looking to buy a car
I am looking for any small engine
Preferred toyota aygyo
Any car Max1.2 liters or less
Sorry I can only drive  automatic if you have
How much
am 23 so will cost me more insurance?
Can you share me the current pics please
Where its located?
Sorry brother due to my age its costing me to much insurance
My maximum is Â£2000
I can maximum drive 1.2 if want less insurance
How far is Rainham from London bro?
E10 6DD
OK brother let me talk to my brother then I will let you know when he want to have a look
OK brother  I am waiting
Its coming 4000+
For me
Is it 1.2 brother
And where its located
And price
OK brother
OK let me check the insurance then
Brother still the same insurance
Sorry I don't want to disturb you again again
So brother if get any 1L or 1.2L car so can tell mee"
35-39,male,Student,18 year,Married,"Hi my friend
Good thanks
where are you from
Yesss
OK my brooo
Are you buying and selling cars?
I have a 2011 model Corsa, automatic petrol. I am looking for a small car to serve meals at home, so I want to change it because my car is 1.4.
I already want manual, my car is automatic, I want to sell it
My car corsa 1.4L
f you want we can trade with you
Yesss
If you want, I can come there by car, you take care of my car, can I take your car?
I can come after 4 o'clock today, if you don't mind.
You can look at this exterior and interior when we arrive.
78k
Shall we come today?
Ok
Ok can we come and see the car today?
We can come after 4 00, okay?
No bro, I don't have enough cash to buy your car either.
Sell â€‹â€‹your car if you find another customer
Thanks
No thanks, unfortunately I can't buy another car without selling my car.
If you had agreed to change, I was thinking of taking it, but you didn't accept it.
You okay brother
If you consider swapping, I can buy the car.
If you change your mind, you can write
Hi bro, what did you do with Hundai i10? Did you sell it?
This time you are selling from a different account ğŸ˜‚
Good luck ğŸ‘"
20-24,male,Student,16 year,Single,"Yesss
OK my brooo
Are you buying and selling cars?
I have a 2011 model Corsa, automatic petrol. I am looking for a small car to serve meals at home, so I want to change it because my car is 1.4.
I already want manual, my car is automatic, I want to sell it
My car corsa 1.4L
f you want we can trade with you
Yesss
If you want, I can come there by car, you take care of my car, can I take your car?
I can come after 4 o'clock today, if you don't mind.
You can look at this exterior and interior when we arrive.
78k
Shall we come today?
Ok
Ok can we come and see the car today?
We can come after 4 00, okay?
No bro, I don't have enough cash to buy your car either.
Sell â€‹â€‹your car if you find another customer
Thanks
No thanks, unfortunately I can't buy another car without selling my car.
If you had agreed to change, I was thinking of taking it, but you didn't accept it.
You okay brother
If you consider swapping, I can buy the car.
If you change your mind, you can write"
25-29,male,Warehouse,16 year,Married,"Actually I am looking to buy a car
I am looking for any small engine
Preferred toyota aygyo
Any car Max1.2 liters or less
Sorry I can only drive  automatic if you have
How much
am 23 so will cost me more insurance?
Can you share me the current pics please
Where its located?
Sorry brother due to my age its costing me to much insurance
My maximum is Â£2000
I can maximum drive 1.2 if want less insurance
How far is Rainham from London bro?
E10 6DD
OK brother let me talk to my brother then I will let you know when he want to have a look
OK brother  I am waiting
Its coming 4000+
For me
Is it 1.2 brother
And where its located
And price
OK brother
OK let me check the insurance then
Brother still the same insurance
Sorry I don't want to disturb you again again"
30-34,male,Software Engineer,16 year,Married,"I just need one little favour ğŸ™ğŸ¼
Whenever itâ€™s feasible for you,
Can you please make short video of interior, exterior and and bonnet open with the start engine.
I just to make sure that I just come to you to take the car.
Thank you
Thank you ğŸ™ğŸ¼
And your post code please
Okay ğŸ‘
Iâ€™ill wait for video tomorrow
Inside, interior as well brother please
And these yellow marks on bonnet?
Are they permanent?
When should I come to you brother?
when u want?
According to your availability, test drive
when u want to view car?
At your availability brother
But itâ€™s long travel bro
I have to travel from hayes
So tell me please your schedule and I will manage the time
Okay brother
Your car is CatN
Sorry
"
30-34,male,Dealer,12 year,Married,"Hi there
Talk to you on Facebook regarding the Prius
Yeah before coming
I want to know is there any major issues in car?
And how battery health
When you are available tomorrow?
Okay Thanks
I am still searching can you negotiate on price
Yes
 I checked two but didn't like
Thank you but I am looking for Prius
Model
Sorry brother
Final price
Can you share more pictures
Where is the car right now
Who's the Owner of car? Ramzan or Rafiq?
For this car I am in contact with Ramzan
Yesterday I was about to check the car
But he was not available
And what's your name
What's your name
To Bhai kah lo yaara mate mate kah Rae mujy LGA angrez h koi
Anyhow
Car available h checking k liye?
I am in contact with him
 Wa alaikym salam
 No I haven't
Sure
I am looking for Prius
 Not yet"
30-34,male,Forign Ministry,16 year,Married," Hello
I am Atikur Rahman
Can you tell me your location
W salama
How are you brother
Alhamdulillah
Brother i am looking a car
I am frist time Driver
So need to a good carDover
Sorry
I am looking full mot
Becouse i am new
And looking without any problem car
Which Brand
THIS car any mechanical problem?
You said vauxhall meriva
Which one 1800
Suzuki is petrol or diesel
Brother you wrote in Facebook. This car price 1500 pounds
 Now said 1800 pound
How is possible?
Thanks. But i am looking small car.like 1.2/3 l petrol.
Let me now Suzuki
Can you give me some Suzuki photo please
how much you want finally?
Brother
But now Miles 110000 brother
Thanks. Give me your time"
25-29,male,Student,16 year,Single,"This one no service history?
No thanks
Thanks brother. But my budget 1500-1700 max
Ok
Sorry for late
Is colour is not good
Details please
Sorry brother. You know. I am looking low miles
Car
Thanks
How long mot
And how much insurance and Miles bro?
Ok.please give me number
07500108487
No.i check in online
okay i send some other cars to u check it
Bro,i want a small, without mechanical problem. And long mot car
I am looking less than 1.4 l petrol car
Jow much this one?
No brother
Is untexted
I not want to any oile leak car
which one car?
Both car is oile leak
https //www.carcheck.co.uk/peugeot/WN60XTG
This one oile leak
Miles 114797
Bro,i will buy car after September
Locking Toyota, Hyundai, fiato
Okay
1500-2000
thanks brother
But wher car location
And second question. 
I am looking 5 door car brother"
15-19,male,student,12 year,Single,"Infection hua hay
Kuch din admit rahein gay
 Ameen
Shukriya
G
Hey
How was ur birthday?
Is everything okay?
Do you need any help?"
20-24,male,student,16 year,Single,"Mtlb ap ko yad ha?
Jb wo khalta tha
Ap sa bra hna sa phla e wo retired ho gea tha
Kis sa
Yr ma os ka bowling dkh rha tha os ka speed
Ma,soch rha ma os time q nhn th Ma b live dkhta os ka bowling
Hi
KASa ha"
25-29,female,student,16 year,single,"It’s a persian cat
Any pet shop
In Lahore
Where are you from?
Ok
Ussa Kia kahty hai
"
25-29,female,tech firm,16 year,single,"HelloWho is this ?
Got this follow req 
Haider from ?

Is it Peshawar ?
Oh ok
How old are u
I am in Karachi
I am 28I work

Tech firmThanks

Ap kya karteBachelors done ?
DhaAccha

Most welcome

Jab dil kare aayein
Duur he to nahe aayenge ?
Nhii

Apne bulaya hi nhi
Jab bhi aai

Khushboo lagi hogi
Koi baat nahe
Kaafi accje
Music

Readind
Watching documentries

Dining out

Eid Mubarak ?? ??
I love old songs

I only like few old singers

Ok
 "
20-24,female,Teacher ,18 year,Married ,"Meri jaan, jab se tumhari pyari si message mili, dil khushi se phool gaya. 
Tum mere liye na sirf mera pyara sa boyfriend ho, balki mera saathi,
mera dost bhi ho. 

Tumhare saath bitaye har lamha mere liye anmol hai. Tumhare saath guzra waqt mujhe hamesha yaad rehta hai,
 aur
 har yaad mujhe muskurahat deti hai.
 Tumhari muskurahat mere dil ko sukoon deta hai.

Tumhari mohabbat aur izzat ne mujhe hamesha apne qareeb mehsoos karwaya hai.
 Tumhare saath kiye gaye har sapne mere liye sach ho gaye hain. Tumhari wajah se, mere zindagi ko ek naya rang mila hai. Tumhare bina meri zindagi adhoori si lagti hai.

Tumhari mohabbat mere liye sab kuch hai.
 Main hamesha tumhare saath rahungi, tumhari har khushi mein, tumhari har museebat mein
. Tumhari khushi meri khushi hai, aur tumhara dukh mera dukh.

Tumse mohabbat karna mere liye sabse badi khushi hai.
 Main hamesha tumse mohabbat karoongi, hamesha tumhara saath doongi. Tum mere dil mein hamesha rahoge, meri jaan.

Shukriya mere pyare, tumse mil kar meri duniya roshan ho jati hai. Bohot pyar aur duayein."
20-24,male,student,12 year,single,"Yaad hai wo din jab hum saath baarish mein bhig kar mastiyan karte thay? ???? 
Wo yaadgaar lamhe
 Aur ab mujhe aur bhi zyada intezaar hai humare agle anokhe safar ka.
 Tum har pal ko itna khaas bana dete ho. Tum mere zindagi ki roshni ho.
 Tumse bohot pyaar hai! ??

Tumhare saath har pal bitana mere liye sabse badi khushi hai.
 Tumhari muskurahat dekh kar saari duniya bhool jati hoon. 
Tumhari aankhon mein woh chamak dekh kar, mujhe khud ko kho jana accha lagta hai.
 Tum mere liye sab kuch ho, meri duniya, meri khushi, meri zindagi ki sabse badi khushi."
15-19,male,student,16 year,Married ,"Salam,
 kaise ho?
 Kya kar rahe ho?
 Mujhe umeed hai ke tum theek ho
. Main bhi theek hoon, shukriya. 
Kal main ne ek nayi film dekhi,
 uska naam ‘Journey of Life’ tha. 
Woh film bohat hi inspirational thi.
 Usme zindagi ke safar ko bohat khoobsurat andaaz mein dikhaya gaya tha.
 Mujhe lagta hai ke tumhe bhi woh film pasand aayegi
. Main ne socha ke tumhe is film ke baare mein zaroor batana chahiye.
 Dosti mein toh no thank you, no sorry hota hai, 
lekin phir bhi main tumhe shukriya kehna chahta hoon ke tum meri zindagi mein ho.
 Tumhara dost hona meri zindagi ko khushiyon se bhar deta hai.
 InshaAllah, jald hi milenge.
 Allah Hafiz.”"
20-24,male,student,12 year,single,"""Hey! Kia haal hai?
 Long time no see. 
Kya chal raha hai tere life mein?
 Suna kuch interesting?
 I heard you started a new job, congrats!
 How's it going? 
Bata na, kaisi lag rahi hai woh?
 Aur phir, weekend plans kya hain?
 Chal, milte hain kahin coffee pe.
 Baatein karni hain bohot sari. 
Yaad rakhna, dosti mein no sorry no thank you. 
Take care, and keep me updated! Allah hafiz!"""
